<?xml version="1.0" encoding="UTF-8"?>
<project-private xmlns="http://www.netbeans.org/ns/project-private/1">
    <editor-bookmarks xmlns="http://www.netbeans.org/ns/editor-bookmarks/2" lastBookmarkId="0"/>
    <open-files xmlns="http://www.netbeans.org/ns/projectui-open-files/2">
        <group>
            <file>file:/C:/Users/abreg/Desktop/ProyectoAdminPOO/src/proyectoadminpoo/Asignatura.java</file>
            <file>file:/C:/Users/abreg/Desktop/ProyectoAdminPOO/src/proyectoadminpoo/Domicilio.java</file>
            <file>file:/C:/Users/abreg/Desktop/ProyectoAdminPOO/src/proyectoadminpoo/Libro.java</file>
            <file>file:/C:/Users/abreg/Desktop/ProyectoAdminPOO/src/proyectoadminpoo/Profesor.java</file>
            <file>file:/C:/Users/abreg/Desktop/ProyectoAdminPOO/src/proyectoadminpoo/ProyectoAdminPOO.java</file>
            <file>file:/C:/Users/abreg/Desktop/ProyectoAdminPOO/src/proyectoadminpoo/Alumno.java</file>
            <file>file:/C:/Users/abreg/Desktop/ProyectoAdminPOO/src/proyectoadminpoo/Grupo.java</file>
        </group>
    </open-files>
</project-private>
